job_role,yrs_exp,avg_market_dist_perc
Data Scientist,6-10,37.69000005722046
Data Scientist,0-5,23.710000157356262
Data Scientist,11-15,22.859999895095825
Data Scientist,16-20,15.75000011920929
