job_role,yrs_exp,avg_market_dist_perc
Data Engineer,6-10,33.94999980926514
Data Engineer,11-15,26.369999885559082
Data Engineer,16-20,21.910000324249268
Data Engineer,0-5,17.779999941587448
